<root>
<merchant_id>011223344551111</merchant_id>
<merchant_country>fr</merchant_country>
<amount>[ORDERAMOUNT]</amount>
<currency_code>978</currency_code>
<pathfile>C:\sips\param\pathfile</pathfile>
<transaction_id>[ORDERID]</transaction_id>
<normal_return_url>http://www.MyWebsite.com/Panier/tabid/56/stg/5/SIPSAction/RETURN/ordID/[ORDERID]/Default.aspx</normal_return_url>
<cancel_return_url>http://www.MyWebsite.com/Panier/tabid/56/stg/5/SIPSAction/CANCEL/ordID/[ORDERID]/Default.aspx</cancel_return_url>
<automatic_response_url>http://www.MyWebsite.com/Panier/tabid/56/stg/4/Default.aspx</automatic_response_url>
<language>[LANGUAGE]</language>
<payment_means>CB,2,VISA,2,MASTERCARD,2</payment_means>
<header_flag>no</header_flag>
<capture_day/>  
<capture_mode/>  
<bgcolor/>  
<block_align/>  
<block_order/>  
<textcolor/>  
<receipt_complement/>  
<caddie>[CARTID]</caddie>
<customer_id/>  
<customer_email/>  
<customer_ip_address/>  
<data/>
<return_context/>  
<target/>
<order_id>[ORDERID]</order_id>
<normal_return_logo/>  
<cancel_return_logo/>  
<submit_logo/>  
<logo_id/>  
<logo_id2/>  
<advert/>  
<background_id/>  
<templatefile/>
</root>

