[
  {
    "Id": "0",
    "Name": "CM-CIC",
    "DevelopmentStatus": "Stable",
    "Description": "Install package",
    "ReleasedDatge": "0001-01-01T00:00:00",
    "ModifiedDate": "2012-07-20T02:09:31.43-07:00",
    "Files": [
      {
        "Id": "cbb1f3fe-defb-4874-afaf-a3cff6480907",
        "FileName": "NB_Store_Gateway_01.00.01_CMCIC.zip",
        "Url": "./0/cbb1f3fe-defb-4874-afaf-a3cff6480907",
        "Type": "Application",
        "UploadDate": "2012-07-20T02:09:31.29-07:00"
      }
    ]
  }
]