{
  "WorkItem": {
    "AffectedComponent": {
      "Name": "",
      "DisplayName": ""
    },
    "ClosedComment": "",
    "ClosedDate": null,
    "CommentCount": 0,
    "Custom": null,
    "Description": "i tried to install the module in two diffrent web sites ,but it giving same error\n----------\n critical error has occurred. Could not find file 'C:\\inetpub\\vhosts\\805225.com\\subdomains\\lial\\httpdocs\\Install\\Temp\\x5e1we0e\\GatewayOgone.dnn5\n \n---\nam using dnn 6 and above",
    "LastUpdatedDate": "2017-12-07T15:58:46.783-08:00",
    "PlannedForRelease": "Satrabel_Gateway_01.00.00_Ogone_Install",
    "ReleaseVisibleToPublic": true,
    "Priority": {
      "Name": "Low",
      "Severity": 50,
      "Id": 1
    },
    "ProjectName": "ogonegateway",
    "ReportedDate": "2012-07-24T04:49:15.36-07:00",
    "Status": {
      "Name": "Resolved",
      "Id": 7
    },
    "ReasonClosed": {
      "Name": "Unassigned"
    },
    "Summary": "the package has problem",
    "Type": {
      "Name": "Issue",
      "Id": 3
    },
    "VoteCount": 1,
    "Id": 849
  },
  "FileAttachments": [],
  "Comments": [
    {
      "Message": "I have tried installing the module on DNN 7.0.6. The error is (except for some paths) identical. This module does not seem to be installable anymore.",
      "PostedDate": "2013-10-27T11:38:26.713-07:00",
      "Id": -2147483648
    },
    {
      "Message": "Hi,\r\n\r\nI corrected the package.\r\n\r\nYou can download it again.\r\n\r\nRegards,\nSacha",
      "PostedDate": "2013-11-04T01:30:07.99-08:00",
      "Id": -2147483648
    },
    {
      "Message": "",
      "PostedDate": "2013-11-04T01:30:44.707-08:00",
      "Id": -2147483648
    },
    {
      "Message": "",
      "PostedDate": "2017-12-07T15:58:46.783-08:00",
      "Id": -2147483648
    }
  ]
}