[
  {
    "Id": "0",
    "Name": "Satrabel_Gateway_01.00.00_Ogone_Install",
    "DevelopmentStatus": "Stable",
    "Description": "This package can be installed like a extension of dotnetnuke.",
    "ReleasedDatge": "0001-01-01T00:00:00",
    "ModifiedDate": "2013-11-04T01:28:47.793-08:00",
    "Files": [
      {
        "Id": "5c4681d9-1cc8-4be6-b5a1-c754de83d011",
        "FileName": "Satrabel_Gateway_01.00.00_Ogone_Install.zip",
        "Url": "./0/5c4681d9-1cc8-4be6-b5a1-c754de83d011",
        "Type": "Application",
        "UploadDate": "2013-11-04T01:28:47.437-08:00"
      }
    ]
  }
]