[
  {
    "Id": "1035579",
    "ThreadId": "441542",
    "Html": "Hi all,\r<br />\n<br />\nI ran into a problem with this gateway when using it with multiple gateways (Mollie and PayPal for instance).\r<br />\n<br />\nTo allow for multiple payment gateways to be used and also Mollie, in the code for the gateway and also the &quot;ReportUrl&quot; and &quot;ReturnUrl&quot; it uses a url var called &quot;orderid&quot;, this should be &quot;ordID&quot;.\r<br />\n<br />\nIf this is changed the Mollie gateway can then be used with other gateways.\r<br />\n \r<br />\nSee <a href=\"https://nbstore.codeplex.com/discussions/441524#post1035552\" rel=\"nofollow\">this post</a> in the NBStore Discussions.\r<br />\n<br />\nregards,\r<br />\n<br />\nGeoff<br />\n",
    "PostedDate": "2013-04-25T04:35:29.327-07:00",
    "UserRole": null,
    "MarkedAsAnswerDate": null
  },
  {
    "Id": "1035958",
    "ThreadId": "441542",
    "Html": "I have created a patch to allow for using multiple gateways and this Mollie gateway.\r<br />\n<br />\nIt can be found <a href=\"https://nbstoreidealmollie.codeplex.com/SourceControl/list/patches\" rel=\"nofollow\">here</a>\r<br />\n<br />\nThis patch also has the changes to allow you to template the iDEAL payment button in the checkout.\r<br />\n<br />\nRegards,\r<br />\n<br />\nGeoff<br />\n",
    "PostedDate": "2013-04-26T01:08:49.75-07:00",
    "UserRole": null,
    "MarkedAsAnswerDate": null
  }
]