[
  {
    "Id": "1305321",
    "ThreadId": "567603",
    "Html": "Does this Ideal Payment Gateway use the Ideal API or de Mollie API.\r<br />\n<br />\nThe Ideal API has been depreciated (see <a href=\"https://www.mollie.nl/developers/ideal/en/\" rel=\"nofollow\">https://www.mollie.nl/developers/ideal/en/</a>) and was replaced by the Mollie API (see <a href=\"https://www.mollie.nl/files/documentatie/payments-api-en.html\" rel=\"nofollow\">https://www.mollie.nl/files/documentatie/payments-api-en.html</a>)<br />\n",
    "PostedDate": "2014-09-16T12:54:57.423-07:00",
    "UserRole": null,
    "MarkedAsAnswerDate": null
  },
  {
    "Id": "1315885",
    "ThreadId": "567603",
    "Html": "Any plans in supporting this?<br />\n",
    "PostedDate": "2014-10-22T23:16:20.387-07:00",
    "UserRole": null,
    "MarkedAsAnswerDate": null
  }
]