[
  {
    "Id": "857366",
    "ThreadId": "361948",
    "Html": "\r\n<p>When i test the mollie ideal gateway in test mode the order is marked as created - incomplete.</p>\r\n<p>If i put the testmode to false it will be to payment ok and the mails are send to the customer and not only to the store manager?</p>\r\n<p>Or is this a problem of the downloadable products setting in nbstore?</p>\r\n<p>I;ve got pictures but don't know how to insert them here.</p>\r\n",
    "PostedDate": "2012-07-04T06:25:37.293-07:00",
    "UserRole": null,
    "MarkedAsAnswerDate": null
  },
  {
    "Id": "858334",
    "ThreadId": "361948",
    "Html": "<p>I've found it in your'e code, you have commented out the part that send the mail to the customer.</p>\r\n<p><span style=\"color: green;\">'SendEmailToClient(PortalID, GetClientEmail(PortalID, objOInfo), objOInfo.OrderNumber, objOInfo, \"paymentOK.email\", \"\")</span></p>",
    "PostedDate": "2012-07-06T06:30:41.633-07:00",
    "UserRole": null,
    "MarkedAsAnswerDate": null
  }
]