{
  "WorkItem": {
    "AffectedComponent": {
      "Name": "",
      "DisplayName": ""
    },
    "ClosedComment": "Problem solved.",
    "ClosedDate": "2014-04-23T23:51:13.003-07:00",
    "CommentCount": 0,
    "Custom": null,
    "Description": "On my NBSTORE with Mollie and 40Fingers i get errors when returning (after succesfull payment) from IDEAL to NB Store. I have checked the settings and they appear correct. The error i get is listed below.\n\nAny tips on how to resolve this?\n\nRegards,\n\nJeroen van Craaikamp\n\n==//==\n\nAssemblyVersion: 7.0.4\nPortalID: 161\nPortalName: Claras Champagnes\nUserID: -1\nUserName:\nActiveTabID: 7315\nActiveTabName: Afrekenen\n\nRawURL: /tabid/7315/stg/5/ordid/1414/cartid/12e3e03e-5f0d-4cb8-9812-6defb7621004/Default.aspx?transaction_id=579bcf94ef9be4a943c65d07d331c002\n\nAbsoluteURL: /Default.aspx\nAbsoluteURLReferrer:\nUserAgent: Mozilla/5.0 (Macintosh; Intel Mac OS X 10_8_5) AppleWebKit/536.30.1 (KHTML, like Gecko) Version/6.0.5 Safari/536.30.1\n\nDefaultDataProvider: DotNetNuke.Data.SqlDataProvider, DotNetNuke\nExceptionGUID: 91cffb8a-1c98-42e3-9217-6ab9300613a6\n\nInnerException: Value cannot be null. Parameter name: String\n\nFileName:\nFileLineNumber: 0\nFileColumnNumber: 0\nMethod: System.Number.StringToNumber\nStackTrace:\n\nMessage: System.ArgumentNullException: Value cannot be null. Parameter name: String at System.Number.StringToNumber(String str, NumberStyles options, NumberBuffer& number, NumberFormatInfo info, Boolean parseDecimal) at System.Number.ParseInt32(String s, NumberStyles style, NumberFormatInfo info) at System.Int32.Parse(String s) at FortyFingers.DNN.Modules.NBStore.Mollie.IdealGateway.AutoResponse(Int32 PortalID, HttpRequest Request)\n\nSource:\nServer Naam: WIN-E7DSUL0NNOH",
    "LastUpdatedDate": "2014-04-23T23:51:13.003-07:00",
    "PlannedForRelease": "",
    "ReleaseVisibleToPublic": false,
    "Priority": {
      "Name": "Unassigned",
      "Severity": 0,
      "Id": 0
    },
    "ProjectName": "nbstoreidealmollie",
    "ReportedDate": "2013-09-29T06:42:31.037-07:00",
    "Status": {
      "Name": "Closed",
      "Id": 4
    },
    "ReasonClosed": {
      "Name": "Fixed"
    },
    "Summary": "InnerException: Value cannot be null. Parameter name: String",
    "Type": {
      "Name": "Unassigned",
      "Id": 5
    },
    "VoteCount": 1,
    "Id": 24742
  },
  "FileAttachments": [],
  "Comments": [
    {
      "Message": "HI, I got the same error, do you kow what it could be?",
      "PostedDate": "2014-04-03T07:35:32.033-07:00",
      "Id": -2147483648
    },
    {
      "Message": "Upgrading MollieGateway to 1.1.0 will do the trick. Alternatively you could change ordId to orderid in the reporturl and returnurl lines of FortyFingers.MollieIdeal.gateway template.\r\n\r\n<ReportUrl>http://www.shop.com/tabid/61/stg/4/orderid/[ORDERID]/cartid/[CARTID]/Default.aspx</ReportUrl>\n  <ReturnUrl>http://www.shop.com/tabid/61/stg/5/orderid/[ORDERID]/cartid/[CARTID]/Default.aspx</ReturnUrl>\n</root>\r\n\r\nJeroen",
      "PostedDate": "2014-04-05T13:19:36.447-07:00",
      "Id": -2147483648
    },
    {
      "Message": "",
      "PostedDate": "2014-04-23T23:51:13.003-07:00",
      "Id": -2147483648
    }
  ]
}