[
  {
    "Id": "0",
    "Name": "NB_Store Mollie iDEAL Gateway 1.1.0",
    "DevelopmentStatus": "Stable",
    "Description": "!! Version 1.1.0 changes\n* Added option to use \"ordid\"in stead of \"orderid\" in return url, to allow for multigatewaywrapper\n* implemented use of template FortyFingers.MollieIdeal.template for the Button HTML. If the template is not available (or empty) the current builtin template is used",
    "ReleasedDatge": "0001-01-01T00:00:00",
    "ModifiedDate": "2013-10-07T00:58:10.453-07:00",
    "Files": [
      {
        "Id": "78c3e97d-a807-40a8-a7cb-76bbbd4b5c5d",
        "FileName": "40Fingers.MollieIdealGateway.01.01.00.Install.zip",
        "Url": "./0/78c3e97d-a807-40a8-a7cb-76bbbd4b5c5d",
        "Type": "Application",
        "UploadDate": "2013-10-07T00:58:10.19-07:00"
      }
    ]
  },
  {
    "Id": "1",
    "Name": "01.00.09",
    "DevelopmentStatus": "Stable",
    "Description": "*Fixed*\n* Fixed setting anme change to FortyFingers... in stead of 40Fingers... (which resulted in non-exportable settings)\n* Added logging to NB_Store logfile\n\n*New*\n* Uploaded source to codeplex",
    "ReleasedDatge": "0001-01-01T00:00:00",
    "ModifiedDate": "2012-05-29T13:19:52.757-07:00",
    "Files": [
      {
        "Id": "2f5dc710-b10e-42fc-8368-b5a392389e2e",
        "FileName": "40Fingers.MollieIdealGateway.01.00.09.Install.zip",
        "Url": "./1/2f5dc710-b10e-42fc-8368-b5a392389e2e",
        "Type": "Application",
        "UploadDate": "2012-05-29T13:18:24.97-07:00"
      },
      {
        "Id": "f85737a0-4245-4f64-9f7e-0f944ec4d08a",
        "FileName": "40Fingers.MollieIdealGateway.01.00.09.Source.zip",
        "Url": "./1/f85737a0-4245-4f64-9f7e-0f944ec4d08a",
        "Type": "Application",
        "UploadDate": "2012-05-29T13:19:15.473-07:00"
      }
    ]
  },
  {
    "Id": "2",
    "Name": "01.00.08",
    "DevelopmentStatus": "Stable",
    "Description": "Initial release as announced on december 9th, 2011.",
    "ReleasedDatge": "0001-01-01T00:00:00",
    "ModifiedDate": "2011-12-13T07:03:04.243-08:00",
    "Files": [
      {
        "Id": "f1ce57c5-418b-4095-9d6e-8b8ad13505a9",
        "FileName": "40Fingers.MollieIdealGateway.01.00.08.Install.zip",
        "Url": "./2/f1ce57c5-418b-4095-9d6e-8b8ad13505a9",
        "Type": "Application",
        "UploadDate": "2011-12-13T06:37:44.543-08:00"
      },
      {
        "Id": "7d07d44d-ad17-4b55-9c56-0f00a2a5beb8",
        "FileName": "40Fingers.MollieIdealGateway.01.00.08.Source.zip",
        "Url": "./2/7d07d44d-ad17-4b55-9c56-0f00a2a5beb8",
        "Type": "Source Code",
        "UploadDate": "2011-12-13T06:37:44.56-08:00"
      }
    ]
  },
  {
    "Id": "3",
    "Name": "NB_Store Mollie iDEAL Gateway 1.1.1",
    "DevelopmentStatus": "Stable",
    "Description": "!! Version 1.1.1 changes\n* Bugfix version (fix related to gateway settings, issue 24742)\n\n!! Version 1.1.0 changes\n* Added option to use \"ordid\"in stead of \"orderid\" in return url, to allow for multigatewaywrapper\n* implemented use of template FortyFingers.MollieIdeal.template for the Button HTML. If the template is not available (or empty) the current builtin template is used",
    "ReleasedDatge": "0001-01-01T00:00:00",
    "ModifiedDate": "2014-04-23T23:58:44.797-07:00",
    "Files": [
      {
        "Id": "c5aa406a-9b3c-4280-8a07-d36f81da5e5d",
        "FileName": "40Fingers.MollieIdealGateway.01.01.01.Install.zip",
        "Url": "./3/c5aa406a-9b3c-4280-8a07-d36f81da5e5d",
        "Type": "Application",
        "UploadDate": "2014-04-23T23:58:15.047-07:00"
      }
    ]
  }
]