{
  "WorkItem": {
    "AffectedComponent": {
      "Name": "",
      "DisplayName": ""
    },
    "ClosedComment": "",
    "ClosedDate": null,
    "CommentCount": 0,
    "Custom": null,
    "Description": "Is there a way so that the actual product name/description is sent to paypal and shows up on the paypal checkout page as opposed to the store name?",
    "LastUpdatedDate": "2016-05-16T19:49:09.177-07:00",
    "PlannedForRelease": "",
    "ReleaseVisibleToPublic": false,
    "Priority": {
      "Name": "Unassigned",
      "Severity": 0,
      "Id": 0
    },
    "ProjectName": "nbstorepaypal",
    "ReportedDate": "2014-05-24T10:04:04.977-07:00",
    "Status": {
      "Name": "Proposed",
      "Id": 1
    },
    "ReasonClosed": {
      "Name": "Unassigned"
    },
    "Summary": "paypal product description",
    "Type": {
      "Name": "Unassigned",
      "Id": 5
    },
    "VoteCount": 2,
    "Id": 1
  },
  "FileAttachments": [],
  "Comments": []
}