[
  {
    "Id": "0",
    "Name": "NB_Store_Gateway_02.00.02_PayPal_Install.zip",
    "DevelopmentStatus": "Stable",
    "Description": "PayPal Payment gateway for NB_Store",
    "ReleasedDatge": "0001-01-01T00:00:00",
    "ModifiedDate": "2014-02-28T20:21:38.497-08:00",
    "Files": [
      {
        "Id": "adb86fc3-c3de-46af-a988-e0f270ddd6ae",
        "FileName": "NB_Store_Gateway_02.00.02_PayPal_Install.zip",
        "Url": "./0/adb86fc3-c3de-46af-a988-e0f270ddd6ae",
        "Type": "Application",
        "UploadDate": "2014-02-28T20:21:38.48-08:00"
      }
    ]
  },
  {
    "Id": "1",
    "Name": "NB_Store_Gateway_03.00.00_PayPal_Install",
    "DevelopmentStatus": "Stable",
    "Description": "PayPal Payment gateway for NB_Store",
    "ReleasedDatge": "0001-01-01T00:00:00",
    "ModifiedDate": "2016-03-26T02:28:27.017-07:00",
    "Files": [
      {
        "Id": "4613caa5-475c-4069-8737-50a7974f1267",
        "FileName": "NB_Store_Gateway_03.00.00_PayPal_Install.zip",
        "Url": "./1/4613caa5-475c-4069-8737-50a7974f1267",
        "Type": "Application",
        "UploadDate": "2016-03-26T02:28:26.89-07:00"
      }
    ]
  }
]