[
  {
    "Id": "0",
    "Name": "NB_Store_Gateway_DIBS",
    "DevelopmentStatus": "Stable",
    "Description": "Install package for DIBS gateway for NB_Store. DNN5 and above.",
    "ReleasedDatge": "0001-01-01T00:00:00",
    "ModifiedDate": "2013-03-12T23:46:50.22-07:00",
    "Files": [
      {
        "Id": "7c31019a-1978-4d57-ab97-c13961ed3dfc",
        "FileName": "NB_Store_GatewayDIBS_01.00.01_DNN5.zip",
        "Url": "./0/7c31019a-1978-4d57-ab97-c13961ed3dfc",
        "Type": "Application",
        "UploadDate": "2013-03-12T23:46:50.143-07:00"
      }
    ]
  }
]