[
  {
    "Id": "0",
    "Name": "CyberPlus",
    "DevelopmentStatus": "Stable",
    "Description": "Cyberplus payment gateway for NB_Store for use with DNN5 and above.\nNB_Store v2.1.3 and above",
    "ReleasedDatge": "0001-01-01T00:00:00",
    "ModifiedDate": "2012-07-27T07:34:23.643-07:00",
    "Files": [
      {
        "Id": "da3919e3-3115-40b1-8743-8ff11fc06f78",
        "FileName": "NB_Store_Gateway_01.00.00_CyberPlus.zip",
        "Url": "./0/da3919e3-3115-40b1-8743-8ff11fc06f78",
        "Type": "Application",
        "UploadDate": "2012-07-27T07:30:35.41-07:00"
      }
    ]
  }
]