[
  {
    "Id": "855399",
    "ThreadId": "361391",
    "Html": "\r\n<p>Dunno if this applies to all installations of nb store but when i installed the gateway following the&nbsp;guide,&nbsp;the epay button didnt show upon checkout.<br>\r\n<br>\r\nThe problem was the url:<br>\r\n<br>\r\n<em>&lt;ButtonImageUrl&gt;/DesktopModules/<span style=\"color:#ff0000\">Nevoweb</span>_GatewayEpay/ePay_dk.gif&lt;/ButtonImageUrl&gt;<br>\r\n<br>\r\n</em>Mine has to look like this to work:<br>\r\n<br>\r\n<em>&lt;ButtonImageUrl&gt;/DesktopModules/<span style=\"color:#0000ff\">NB_Store</span>_GatewayEpay/ePay_dk.gif&lt;/ButtonImageUrl&gt;<br>\r\n<br>\r\n<br>\r\n</em></p>\r\n<p><em>&nbsp;</em></p>\r\n",
    "PostedDate": "2012-06-29T04:07:27.983-07:00",
    "UserRole": null,
    "MarkedAsAnswerDate": null
  }
]