[
  {
    "Id": "0",
    "Name": "ePay",
    "DevelopmentStatus": "Stable",
    "Description": "Install package",
    "ReleasedDatge": "0001-01-01T00:00:00",
    "ModifiedDate": "2012-07-03T08:25:51.067-07:00",
    "Files": [
      {
        "Id": "6cb9438e-05f6-4009-baff-9985fc9d06a1",
        "FileName": "NB_Store_Gateway_01.00.00_Epay.zip",
        "Url": "./0/6cb9438e-05f6-4009-baff-9985fc9d06a1",
        "Type": "Application",
        "UploadDate": "2012-06-29T06:35:40.497-07:00"
      }
    ]
  }
]