[
  {
    "Id": "0",
    "Name": "NB_Store_Gateway_eWay",
    "DevelopmentStatus": "Stable",
    "Description": "Install package for eWAY gateway for NB_Store.",
    "ReleasedDatge": "0001-01-01T00:00:00",
    "ModifiedDate": "2012-11-22T01:03:11.997-08:00",
    "Files": [
      {
        "Id": "06d1f774-c727-4991-9699-975caf8895b8",
        "FileName": "NB_Store_Gateway_02.00.00_Rel3_eWay.zip",
        "Url": "./0/06d1f774-c727-4991-9699-975caf8895b8",
        "Type": "Application",
        "UploadDate": "2012-11-22T01:03:11.87-08:00"
      }
    ]
  }
]