[
  {
    "Id": "0",
    "Name": "NB_Store_Gateway_01.00.02_PayBox",
    "DevelopmentStatus": "Stable",
    "Description": "Paybox DNN module install",
    "ReleasedDatge": "0001-01-01T00:00:00",
    "ModifiedDate": "2013-09-30T10:19:31.643-07:00",
    "Files": [
      {
        "Id": "e4653dd3-9be9-4964-917f-664433133508",
        "FileName": "NB_Store_Gateway_01.00.02_PayBox.zip",
        "Url": "./0/e4653dd3-9be9-4964-917f-664433133508",
        "Type": "Application",
        "UploadDate": "2013-09-30T10:19:31.597-07:00"
      }
    ]
  }
]