[
  {
    "Id": "0",
    "Name": "NB_Store_Gateway_PxPay",
    "DevelopmentStatus": "Stable",
    "Description": "Installation of PxPay Payment Provider for NB_Store",
    "ReleasedDatge": "0001-01-01T00:00:00",
    "ModifiedDate": "2013-11-22T00:34:29.52-08:00",
    "Files": [
      {
        "Id": "89dc12d2-f2a3-4501-a5be-d686ee4970ba",
        "FileName": "NB_Store_Gateway_01.00.07_PxPay_DNN5.zip",
        "Url": "./0/89dc12d2-f2a3-4501-a5be-d686ee4970ba",
        "Type": "Application",
        "UploadDate": "2013-11-22T00:34:29.473-08:00"
      }
    ]
  }
]