<root>
	<paymentURL>https://www.paymentexpress.com/pxpay/pxaccess.aspx</paymentURL>
	<PaymentExpress.PxPay>https://www.paymentexpress.com/pxpay/pxaccess.aspx</PaymentExpress.PxPay>
	<PxPayUserId></PxPayUserId>
	<PxPayKey></PxPayKey>
	<ButtonImageURL>/Desktopmodules/NB_Store/img/paypal60x38.gif</ButtonImageURL>
	<ReturnURL>http://www.MyWebsite.com/Cart/tabid/56/stg/5/Default.aspx?PxPayExit=RETURN</ReturnURL>
	<ReturnCancelURL>http://www.MyWebsite.com/Cart/tabid/56/stg/5/Default.aspx?PxPayExit=CANCEL</ReturnCancelURL>
	<MerchantLanguage>fr</MerchantLanguage>
	 <InputCurrency>NZD</InputCurrency>
	 <TxnType>Purchase</TxnType>
	 <MerchantReference>Test Transaction</MerchantReference>
</root>

